,Abundance,Length,FPKM,logFPKM,Class
0,807.0,11646,16292.280874763761,9.698446708661665,Aminoglycoside
1,1234.0,10494,21895.573049242572,9.994039751500564,Beta-Lactam
2,21.0,6229,198.49355381389353,5.2907566251107365,Glycopeptide
3,7277.0,24414,120763.4585158165,11.701589022991794,Macrolide
4,2.0,993,69.9714859285045,4.248087815183798,Nitroimidazole
5,114.0,3426,1810.2789354104234,7.501236220348019,Phenicol
6,2.0,1668,41.67471924565501,3.7298946918572375,Sulphonamide
7,13238.0,77444,121829.67459215122,11.710379238345553,Tetracycline
