,Abundance,Length,FPKM,logFPKM,Class
0,2075.0,11646,23646.402571049184,10.070966271189292,Aminoglycoside
1,2355.0,10494,23631.693263206373,10.070344024964783,Beta-Lactam
2,37.0,6229,198.71040735009402,5.291848525388418,Glycopeptide
3,10794.0,24414,109370.62091321076,11.602497585493468,Macrolide
4,2.0,993,39.504885343598744,3.676424343844165,Nitroimidazole
5,164.0,3426,1491.5683278290894,7.307583414389961,Phenicol
6,2.0,1668,23.528941592129147,3.1582312205176053,Sulphonamide
7,38345.0,77444,199703.20236510562,12.20458755515468,Tetracycline
