,Abundance,Length,FPKM,logFPKM,Class
0,5981.0,11646,23616.85918532587,10.069716108230866,Aminoglycoside
1,4991.0,10494,17385.70286461865,9.763403472995936,Beta-Lactam
2,123.0,6229,217.14726717699216,5.380575773946504,Glycopeptide
3,36482.0,24414,126141.48200092958,11.745159429006478,Macrolide
4,34.0,993,232.7306997147537,5.449881989903654,Nitroimidazole
5,816.0,3426,2534.6426728599868,7.837807948638167,Phenicol
6,38.0,1668,154.44783073895294,5.039856374196051,Sulphonamide
7,86507.0,77444,156621.23867418003,11.9615856770604,Tetracycline
