,Class,CLR(24),CLR(25),CLR(38)
0,Aminoglycoside,1.9701893996546518,1.4757386941768915,1.523114187145068
1,Beta-Lactam,2.096768973440371,1.2947872066019437,1.9478067233404521
2,Glycopeptide,-2.0566091203659225,-2.408420007495248,-2.125687043401458
3,Macrolide,3.6192186701684412,3.2839699043791946,3.7222644872222057
4,Nitroimidazole,-4.974379852450202,-3.694243838251504,-4.477062300564936
5,Phenicol,-0.5676606051859484,-0.5161900079035585,-0.4340110327303855
6,Sulphonamide,-4.974379852450202,-3.58301820314128,-4.477062300564936
7,Tetracycline,4.886852387188813,4.147376251633557,4.320637279553988
